<?xml version="1.0" encoding="UTF-8"?>
<archivo>
   <Africa>
      <pais>
         <nombre>Angola</nombre>
         <capital>Luanda</capital>
      </pais>
      <pais>
         <nombre>Argelia</nombre>
         <capital>Argel</capital>
      </pais>
      <pais>
         <nombre>Benin</nombre>
         <capital>Porto-Novo</capital>
      </pais>
      <pais>
         <nombre>Botsuana</nombre>
         <capital>Gaberones</capital>
      </pais>
      <pais>
         <nombre>Burkina Faso</nombre>
         <capital>Uagadugú</capital>
      </pais>
      <pais>
         <nombre>Burundi</nombre>
         <capital>Buyumbura</capital>
      </pais>
      <pais>
         <nombre>Etiopia</nombre>
         <capital>Adís Abeba</capital>
      </pais>
      <pais>
         <nombre>Gabón</nombre>
         <capital>Libreville</capital>
      </pais>
      <pais>
         <nombre>Gambia</nombre>
         <capital>Banjul</capital>
      </pais>

   </Africa>
   <Asia>
      <pais>
         <nombre>India</nombre>
         <capital>Nueva Delhi</capital>
      </pais>
      <pais>
         <nombre>Banglades</nombre>
         <capital>Dacá</capital>
      </pais>
      <pais>
         <nombre>Bután</nombre>
         <capital>Timbu</capital>
      </pais>
      <pais>
         <nombre>Catar</nombre>
         <capital>Doha</capital>
      </pais>
      <pais>
         <nombre>China</nombre>
         <capital>Pekin</capital>
      </pais>
      <pais>
         <nombre>Chipre</nombre>
         <capital>Nicosia</capital>
      </pais>
      <pais>
         <nombre>Corea Del Norte</nombre>
         <capital>Pyongyang</capital>
      </pais>
      <pais>
         <nombre>Corea Del Sur</nombre>
         <capital>Seul</capital>
      </pais>
      <pais>
         <nombre>Japon</nombre>
         <capital>Tokyo</capital>
      </pais>
      <pais>
         <nombre>Laos</nombre>
         <capital>Vientián</capital>
      </pais>
   </Asia>
   <America>
      <pais>
         <nombre>Chile</nombre>
         <capital>Santiago De Chile</capital>
      </pais>
      <pais>
         <nombre>Argentina</nombre>
         <capital>Buenos Aires</capital>
      </pais>
      <pais>
         <nombre>Belice</nombre>
         <capital>Belmopán</capital>
      </pais>
      <pais>
         <nombre>Canada</nombre>
         <capital>Ottawa</capital>
      </pais>
      <pais>
         <nombre>Ecuador</nombre>
         <capital>Quito</capital>
      </pais>
      <pais>
         <nombre>EE.UU.</nombre>
         <capital>Whasington</capital>
      </pais>
      <pais>
         <nombre>Haití</nombre>
         <capital>Puerto Principe</capital>
      </pais>
      <pais>
         <nombre>Jamaica</nombre>
         <capital>Kingston</capital>
      </pais>
      <pais>
         <nombre>Peru</nombre>
         <capital>Lima</capital>
      </pais>
      <pais>
         <nombre>Uruguay</nombre>
         <capital>Montevideo</capital>
      </pais>
   </America>
   <Europa>
      <pais>
         <nombre>España</nombre>
         <capital>Madrid</capital>
      </pais>
      <pais>
         <nombre>Alemania</nombre>
         <capital>Berlin</capital>
      </pais>
      <pais>
         <nombre>Belgica</nombre>
         <capital>Bruselas</capital>
      </pais>
      <pais>
         <nombre>Bielorrusia</nombre>
         <capital>Minsk</capital>
      </pais>
      <pais>
         <nombre>Finlandia</nombre>
         <capital>Helsinki</capital>
      </pais>
      <pais>
         <nombre>Irlanda</nombre>
         <capital>Dublin</capital>
      </pais>
      <pais>
         <nombre>Letonia</nombre>
         <capital>Riga</capital>
      </pais>
      <pais>
         <nombre>Moldavia</nombre>
         <capital>Chisinau</capital>
      </pais>
      <pais>
         <nombre>Monaco</nombre>
         <capital>Monaco</capital>
      </pais>
      <pais>
         <nombre>Noruega</nombre>
         <capital>Oslo</capital>
      </pais>
   </Europa>
   <Oceania>
      <pais>
         <nombre>Australia</nombre>
         <capital>Canberra</capital>
      </pais>
      <pais>
         <nombre>Fiji</nombre>
         <capital>Suya</capital>
      </pais>
      <pais>
         <nombre>Kirivati</nombre>
         <capital>Tarawa</capital>
      </pais>
      <pais>
         <nombre>Micronesia</nombre>
         <capital>Palikir</capital>
      </pais>
      <pais>
         <nombre>Nauru</nombre>
         <capital>Yaren</capital>
      </pais>
      <pais>
         <nombre>Nueva Zelanda</nombre>
         <capital>Wellington</capital>
      </pais>
      <pais>
         <nombre>Palaos</nombre>
         <capital>Melekeok</capital>
      </pais>
      <pais>
         <nombre>Samoa</nombre>
         <capital>Apía</capital>
      </pais>
      <pais>
         <nombre>Tuvalu</nombre>
         <capital>Funafuti</capital>
      </pais>
      <pais>
         <nombre>Vanuatu</nombre>
         <capital>Port Vila</capital>
      </pais>
   </Oceania>

</archivo>
